{"0.04433427167443216":{"user_id":2},"0.8249821391864458":{"user_id":2},"0.21063637107456712":{"user_id":1}}